Time (Uganda),Battery,Humidity,Motion,Temperature
2025-10-04 10:43:32,3.072,68.9,1179,24.9
2025-10-04 10:53:32,3.073,67.1,1179,24.93
2025-10-04 11:03:32,3.071,67.6,1179,25
2025-10-04 11:13:32,3.072,68,1179,25.05
2025-10-04 11:23:31,3.072,67.7,1179,25.09
2025-10-04 11:33:31,3.072,67.8,1179,25.13
2025-10-04 11:36:33,3.071,67.7,1180,25.17
2025-10-04 11:43:31,3.071,67.4,1188,25.14
2025-10-04 11:52:01,3.071,67.1,1189,25.1
2025-10-04 11:53:31,3.071,67.4,1200,25.12
2025-10-04 11:55:02,3.071,67.4,1208,25.14
2025-10-04 12:03:31,3.072,67.4,1220,25.21
2025-10-04 12:13:31,3.073,65.4,1220,25.27
2025-10-04 12:23:30,3.072,64.9,1220,25.34
2025-10-04 12:33:11,3.073,64.9,1229,25.42
2025-10-04 12:33:30,3.073,64.9,1231,25.42
2025-10-04 12:41:09,3.071,63.8,1232,25.47
2025-10-04 12:43:30,3.072,63.9,1232,25.5
2025-10-04 12:53:30,3.072,64.8,1232,25.54
2025-10-04 13:03:30,3.072,65.1,1232,25.6
2025-10-04 13:13:29,3.074,63.4,1239,25.65
2025-10-04 13:20:56,3.072,63.2,1240,25.72
2025-10-04 13:22:59,3.072,63.4,1243,25.74
2025-10-04 13:23:29,3.072,64.3,1245,25.72
2025-10-04 13:26:13,3.073,64.2,1248,25.75
2025-10-04 13:28:28,3.072,65.3,1258,25.74
2025-10-04 13:30:31,3.071,65.7,1273,25.74
2025-10-04 13:32:33,3.072,64.7,1294,25.74
2025-10-04 13:33:29,3.074,64.5,1300,25.78
2025-10-04 13:34:36,3.072,65,1316,25.76
2025-10-04 13:38:22,3.072,65.2,1318,25.78
2025-10-04 13:43:29,3.073,65,1318,25.81
2025-10-04 13:50:01,3.073,66.1,1319,25.82
2025-10-04 13:53:29,3.072,66.2,1319,25.84
2025-10-04 13:54:24,3.071,65.9,1320,25.85
2025-10-04 13:57:52,3.073,65.9,1321,25.88
2025-10-04 13:59:56,3.072,65.4,1342,25.86
2025-10-04 14:01:58,3.072,65.4,1366,25.88
2025-10-04 14:03:29,3.072,66,1379,25.89
2025-10-04 14:04:11,3.072,65.8,1380,25.86
2025-10-04 14:13:28,3.072,64.6,1398,25.93
2025-10-04 14:23:28,3.071,64.8,1398,25.99
2025-10-04 14:33:28,3.073,64.2,1398,26.03
2025-10-04 14:43:28,3.073,63.1,1398,26.07
2025-10-04 14:53:28,3.072,62,1398,26.11
2025-10-04 15:03:28,3.072,65.6,1398,26.09
2025-10-04 15:13:27,3.072,65.3,1398,25.98
2025-10-04 15:23:27,3.072,58.8,1398,25.89
2025-10-04 15:33:27,3.072,58.2,1398,25.86
2025-10-04 15:43:27,3.072,59.2,1398,25.91
2025-10-04 15:53:27,3.073,60.5,1398,25.91
2025-10-04 16:03:27,3.073,61.2,1398,25.88
2025-10-04 16:13:26,3.073,62.3,1398,25.89
2025-10-04 16:19:54,3.072,62.2,1399,25.88
2025-10-04 16:22:49,3.072,61.7,1417,25.91
2025-10-04 16:23:26,3.073,61.8,1421,25.91
2025-10-04 16:25:06,3.073,61.8,1426,25.91
2025-10-04 16:27:11,3.074,61.7,1435,25.93
2025-10-04 16:33:26,3.072,62.7,1443,25.95
2025-10-04 16:43:26,3.073,62.4,1443,25.89
2025-10-04 16:53:26,3.074,62.3,1443,25.91
2025-10-04 17:03:25,3.073,61.6,1443,25.91
2025-10-04 17:13:25,3.073,61.7,1443,25.89
2025-10-04 17:23:25,3.074,60.1,1443,25.91
2025-10-04 17:33:25,3.072,59,1443,25.84
2025-10-04 17:43:25,3.073,59.7,1443,25.82
2025-10-04 17:53:25,3.071,61,1443,25.79
2025-10-04 18:03:24,3.073,62.2,1443,25.75
2025-10-04 18:42:53,3.074,67.8,1444,25.56
2025-10-04 18:43:24,3.074,67.9,1444,25.56
2025-10-04 18:44:54,3.073,67.7,1450,25.56
2025-10-04 18:53:24,3.072,67.4,1453,25.56
2025-10-04 19:03:23,3.073,67.3,1453,25.51
2025-10-04 19:13:23,3.073,67.2,1453,25.45
2025-10-04 19:23:23,3.074,67.1,1453,25.45
2025-10-04 19:31:02,3.073,66.9,1454,25.44
2025-10-04 19:33:03,3.073,67.1,1476,25.45
2025-10-04 19:33:23,3.074,67.2,1480,25.45
2025-10-04 19:36:04,3.073,67.4,1495,25.47
2025-10-04 19:38:09,3.073,67.6,1518,25.5
2025-10-04 19:40:13,3.073,67.7,1540,25.51
2025-10-04 19:42:19,3.074,67.7,1547,25.52
2025-10-04 19:43:23,3.074,67.9,1551,25.52
2025-10-04 19:44:27,3.072,68.1,1552,25.51
2025-10-04 19:46:29,3.073,68.2,1558,25.52
2025-10-04 19:48:34,3.073,68.2,1577,25.5
2025-10-04 19:50:34,3.073,68,1596,25.54
2025-10-04 19:52:47,3.075,68.1,1606,25.56
2025-10-04 19:53:23,3.073,68.1,1607,25.54
2025-10-04 19:54:49,3.074,67.8,1625,25.56
2025-10-04 19:57:15,3.073,67.5,1640,25.51
2025-10-04 19:59:22,3.073,67.1,1645,25.56
2025-10-04 20:01:37,3.074,66.9,1652,25.56
2025-10-04 20:03:22,3.073,66.8,1670,25.52
2025-10-04 20:04:47,3.073,66.7,1672,25.51
2025-10-04 20:06:48,3.073,66.9,1688,25.51
2025-10-04 20:08:50,3.073,66.8,1708,25.51
2025-10-04 20:13:02,3.074,67,1722,25.51
2025-10-04 20:13:22,3.072,67,1722,25.51
2025-10-04 20:15:34,3.073,67,1731,25.51
2025-10-04 20:17:44,3.072,66.9,1746,25.5
2025-10-04 20:20:14,3.073,67,1749,25.48
2025-10-04 20:22:44,3.075,67,1758,25.48
2025-10-04 20:23:22,3.075,67,1761,25.48
2025-10-04 20:26:05,3.073,67.1,1764,25.48
2025-10-04 20:28:06,3.074,67.2,1780,25.47
2025-10-04 20:30:08,3.073,67.3,1797,25.48
2025-10-04 20:32:10,3.073,67.4,1823,25.47
2025-10-04 20:39:34,3.075,68,1834,25.48
2025-10-04 20:42:08,3.073,68.2,1841,25.47
2025-10-04 20:43:22,3.072,68.3,1849,25.44
2025-10-04 20:44:21,3.072,68.4,1850,25.48
2025-10-04 20:48:45,3.074,68.7,1855,25.47
2025-10-04 20:50:46,3.073,68.8,1859,25.47
2025-10-04 20:52:50,3.072,68.8,1865,25.44
2025-10-04 20:53:21,3.074,69,1866,25.47
2025-10-04 21:00:03,3.073,69.1,1871,25.45
2025-10-04 21:02:54,3.073,69.1,1882,25.42
2025-10-04 21:03:21,3.073,69.1,1887,25.47
2025-10-04 21:08:04,3.074,69.2,1893,25.44
2025-10-04 21:11:10,3.073,69.2,1895,25.45
2025-10-04 21:13:21,3.074,69.3,1901,25.47
2025-10-04 21:14:44,3.074,69.2,1902,25.45
2025-10-04 21:23:06,3.073,69.6,1906,25.45
2025-10-04 21:23:21,3.073,69.6,1906,25.48
2025-10-04 21:25:20,3.074,69.7,1910,25.47
2025-10-04 21:28:18,3.074,69.6,1933,25.48
2025-10-04 21:30:21,3.074,69.7,1946,25.47
2025-10-04 21:32:32,3.074,69.7,1959,25.42
2025-10-04 21:33:21,3.072,69.7,1963,25.42
2025-10-04 21:35:36,3.073,69.8,1973,25.41
2025-10-04 21:43:21,3.073,70.2,1973,25.37
2025-10-04 21:45:46,3.074,70.3,1974,25.37
2025-10-04 21:48:17,3.074,70.4,1978,25.38
2025-10-04 21:50:29,3.073,70.4,1980,25.37
2025-10-04 21:52:45,3.074,70.4,1985,25.36
2025-10-04 21:53:20,3.074,70.5,1987,25.34
2025-10-04 21:54:48,3.072,70.5,1989,25.33
2025-10-04 21:58:06,3.073,70.5,1998,25.31
2025-10-04 22:00:08,3.075,70.5,2024,25.33
2025-10-04 22:02:11,3.072,70.3,2038,25.34
2025-10-04 22:03:20,3.072,70.3,2043,25.37
2025-10-04 22:04:31,3.073,70.3,2046,25.36
2025-10-04 22:08:49,3.074,70.3,2050,25.36
2025-10-04 22:11:18,3.073,70.3,2061,25.34
2025-10-04 22:13:19,3.073,70.5,2074,25.34
2025-10-04 22:13:26,3.074,70.5,2075,25.34
2025-10-04 22:17:31,3.073,70.4,2081,25.37
2025-10-04 22:19:34,3.073,70.7,2102,25.36
2025-10-04 22:21:48,3.074,70.6,2110,25.37
2025-10-04 22:23:20,3.076,70.6,2114,25.38
2025-10-04 22:24:06,3.072,70.6,2117,25.36
2025-10-04 22:26:15,3.073,70.7,2131,25.37
2025-10-04 22:32:20,3.073,70.6,2145,25.4
2025-10-04 22:33:20,3.074,70.6,2147,25.4
2025-10-04 22:34:28,3.073,70.5,2153,25.4
2025-10-04 22:36:28,3.072,70.6,2169,25.41
2025-10-04 22:38:48,3.072,70.9,2180,25.41
2025-10-04 22:40:52,3.072,70.8,2193,25.42
2025-10-04 22:43:01,3.073,71,2203,25.42
2025-10-04 22:43:20,3.072,71.1,2203,25.41
2025-10-04 22:45:06,3.074,70.9,2205,25.45
2025-10-04 22:47:47,3.073,71.8,2217,25.44
2025-10-04 22:49:51,3.072,71.5,2239,25.45
2025-10-04 22:51:52,3.075,71.3,2256,25.45
2025-10-04 22:53:19,3.073,71.3,2271,25.45
2025-10-04 22:57:08,3.073,71.7,2282,25.45
2025-10-04 22:59:37,3.073,71.9,2284,25.47
2025-10-04 23:03:02,3.073,71.6,2291,25.44
2025-10-04 23:03:19,3.073,71.6,2291,25.47
2025-10-04 23:07:03,3.073,71.3,2294,25.47
2025-10-04 23:13:19,3.072,70.9,2294,25.44
2025-10-04 23:13:29,3.073,70.9,2295,25.42
2025-10-04 23:21:17,3.072,71.1,2297,25.44
2025-10-04 23:23:19,3.074,70.9,2301,25.42
2025-10-04 23:33:19,3.072,71.4,2301,25.42
2025-10-04 23:40:45,3.073,71.2,2302,25.44
2025-10-04 23:43:19,3.073,71.5,2302,25.44
2025-10-04 23:53:18,3.073,71.3,2302,25.47
2025-10-05 00:03:18,3.074,71.4,2302,25.45
2025-10-05 00:13:18,3.074,71.7,2302,25.47
2025-10-05 00:23:18,3.073,71.9,2302,25.47
2025-10-05 00:33:18,3.073,72,2302,25.45
2025-10-05 00:35:10,3.073,72,2303,25.47
2025-10-05 00:43:18,3.073,71.7,2305,25.45
2025-10-05 00:53:17,3.074,71.9,2305,25.44
2025-10-05 01:03:17,3.073,71.8,2305,25.44
2025-10-05 01:11:05,3.074,71.8,2306,25.4
2025-10-05 01:13:17,3.075,71.8,2313,25.41
2025-10-05 01:13:52,3.074,71.8,2314,25.4
2025-10-05 01:16:02,3.074,71.8,2339,25.42
2025-10-05 01:23:17,3.074,72,2347,25.41
2025-10-05 01:33:17,3.073,71.9,2347,25.38
2025-10-05 01:43:16,3.074,72.5,2347,25.33
2025-10-05 01:53:16,3.075,72.9,2347,25.31
2025-10-05 02:03:16,3.074,72.3,2347,25.29
2025-10-05 02:13:16,3.073,72.2,2347,25.27
2025-10-05 02:23:16,3.073,72.2,2347,25.23
2025-10-05 02:33:16,3.073,71.9,2347,25.19
2025-10-05 02:43:15,3.074,71.7,2347,25.17
2025-10-05 02:53:15,3.075,71.5,2347,25.14
2025-10-05 03:03:15,3.075,71.4,2347,25.13
2025-10-05 03:13:15,3.073,71.4,2347,25.1
2025-10-05 03:23:15,3.073,71.4,2347,25.09
2025-10-05 03:33:15,3.073,71.4,2347,25.06
2025-10-05 03:43:14,3.073,71.5,2347,25.02
2025-10-05 03:48:57,3.073,71.5,2348,25.05
2025-10-05 03:53:14,3.074,71.7,2357,25.03
2025-10-05 04:03:14,3.075,71.9,2357,25.02
2025-10-05 04:13:14,3.073,71,2357,24.99
2025-10-05 04:23:14,3.074,71,2357,24.99
2025-10-05 04:33:13,3.073,71.2,2357,24.95
2025-10-05 04:43:13,3.073,70.1,2357,24.95
2025-10-05 04:53:13,3.074,69.7,2357,24.92
2025-10-05 05:03:13,3.075,69.6,2357,24.9
2025-10-05 05:04:19,3.075,69.6,2358,24.92
2025-10-05 05:13:13,3.075,69.4,2358,24.89
2025-10-05 05:23:13,3.074,69.4,2358,24.83
2025-10-05 05:33:12,3.075,69,2358,24.79
2025-10-05 05:43:12,3.075,69,2358,24.81
2025-10-05 05:52:51,3.075,69.1,2359,24.76
2025-10-05 05:53:12,3.075,69.1,2359,24.75
2025-10-05 06:03:12,3.073,69.1,2359,24.74
2025-10-05 06:13:12,3.075,69.4,2359,24.74
2025-10-05 06:16:16,3.073,69.4,2360,24.74
2025-10-05 06:23:12,3.076,69.6,2361,24.76
2025-10-05 06:33:11,3.076,69.6,2361,24.72
2025-10-05 06:43:11,3.076,69.7,2361,24.71
2025-10-05 06:53:11,3.074,69.8,2361,24.69
2025-10-05 07:03:11,3.074,70.3,2361,24.68
2025-10-05 07:05:56,3.074,70.4,2362,24.69
2025-10-05 07:13:11,3.074,70.3,2362,24.68
2025-10-05 07:20:28,3.073,70.4,2363,24.66
2025-10-05 07:22:57,3.074,70.8,2364,24.68
2025-10-05 07:23:11,3.075,70.8,2367,24.68
2025-10-05 07:28:20,3.074,70.7,2372,24.69
2025-10-05 07:33:10,3.074,70.8,2375,24.68
2025-10-05 07:40:48,3.076,70.8,2376,24.64
2025-10-05 07:43:10,3.076,70.8,2376,24.64
2025-10-05 07:43:44,3.073,70.7,2377,24.66
2025-10-05 07:49:07,3.073,70.9,2378,24.66
2025-10-05 07:51:22,3.075,71,2390,24.65
2025-10-05 07:53:10,3.074,70.9,2393,24.65
2025-10-05 07:53:30,3.075,70.9,2398,24.68
2025-10-05 07:55:31,3.073,70.9,2405,24.68
2025-10-05 07:57:31,3.073,71.1,2415,24.66
2025-10-05 08:03:10,3.076,71.3,2417,24.65
2025-10-05 08:05:19,3.075,71.3,2418,24.66
2025-10-05 08:10:39,3.074,71.4,2426,24.68
2025-10-05 08:12:51,3.074,71.5,2432,24.65
2025-10-05 08:13:10,3.073,71.5,2435,24.69
2025-10-05 08:15:51,3.074,71.6,2445,24.71
2025-10-05 08:17:51,3.074,71.4,2448,24.69
2025-10-05 08:19:57,3.073,71.5,2465,24.69
2025-10-05 08:22:03,3.072,71.3,2493,24.71
2025-10-05 08:23:10,3.074,71.1,2508,24.72
2025-10-05 08:24:05,3.075,71,2517,24.72
2025-10-05 08:26:46,3.076,70.7,2519,24.72
2025-10-05 08:29:06,3.074,70.7,2525,24.71
2025-10-05 08:33:09,3.072,70.7,2535,24.69
2025-10-05 08:43:09,3.074,70.8,2535,24.64
2025-10-05 08:45:47,3.074,70.7,2536,24.65
2025-10-05 08:48:19,3.075,70.8,2540,24.64
2025-10-05 08:53:09,3.074,71.3,2544,24.64
2025-10-05 08:57:54,3.075,71.5,2545,24.65
2025-10-05 09:01:00,3.074,71.6,2549,24.65
2025-10-05 09:03:09,3.075,71.8,2553,24.66
2025-10-05 09:13:09,3.074,72.1,2553,24.71
2025-10-05 09:13:16,3.073,72,2554,24.71
2025-10-05 09:15:15,3.074,71.9,2570,24.72
2025-10-05 09:17:17,3.073,71.7,2582,24.74
2025-10-05 09:19:38,3.074,71.5,2600,24.76
2025-10-05 09:23:08,3.074,70.7,2612,24.81
2025-10-05 09:27:09,3.074,71,2613,24.78
2025-10-05 09:29:20,3.074,71,2617,24.79
2025-10-05 09:31:28,3.075,70.9,2624,24.82
2025-10-05 09:33:08,3.073,71,2638,24.79
2025-10-05 09:36:40,3.074,71.3,2641,24.79
2025-10-05 11:23:06,3.074,72.6,2780,24.65
2025-10-05 11:25:35,3.075,72.5,2781,24.65
2025-10-05 11:28:18,3.073,72.3,2788,24.71
2025-10-05 11:31:50,3.074,72.4,2795,24.72
2025-10-05 11:33:06,3.074,72.7,2803,24.78
2025-10-05 11:34:28,3.073,72.7,2804,24.78
2025-10-05 11:37:39,3.074,73,2814,24.85
2025-10-05 11:43:06,3.075,73.3,2820,24.95
2025-10-05 11:53:06,3.072,72.3,2820,25.09
2025-10-05 12:01:21,3.074,71.3,2821,25.13
2025-10-05 12:03:06,3.074,71,2823,25.16
2025-10-05 12:13:05,3.075,70.7,2823,25.26
2025-10-05 12:23:05,3.074,71.5,2823,25.36
2025-10-05 12:33:05,3.074,70.1,2823,25.48
2025-10-05 12:43:05,3.073,70.6,2823,25.63
2025-10-05 12:52:57,3.073,69.2,2824,25.69
2025-10-05 12:53:05,3.074,69.3,2825,25.71
2025-10-05 12:55:02,3.073,69.7,2835,25.74
2025-10-05 12:57:07,3.074,70.2,2839,25.78
2025-10-05 13:03:05,3.074,70,2842,25.81
2025-10-05 13:13:04,3.076,70.2,2842,25.84
2025-10-05 13:16:14,3.074,70.1,2843,25.82
2025-10-05 13:19:05,3.073,70.6,2847,25.86
2025-10-05 13:23:04,3.075,70.7,2855,25.91
2025-10-05 13:26:10,3.075,70.3,2856,25.95
2025-10-05 13:28:12,3.075,70,2867,25.96
2025-10-05 13:30:30,3.074,70.1,2872,25.99
2025-10-05 13:32:33,3.074,70.1,2874,26
2025-10-05 13:33:04,3.072,70.2,2880,26
2025-10-05 13:36:34,3.075,70.2,2917,26
2025-10-05 13:38:36,3.074,69.7,2940,26
2025-10-05 13:40:42,3.074,69.5,2957,26
2025-10-05 13:43:04,3.074,69.4,2966,26.05
2025-10-05 13:44:01,3.074,69.6,2967,26.05
2025-10-05 13:47:06,3.074,69.6,2975,26.03
2025-10-05 13:49:15,3.075,69.9,2979,26.03
2025-10-05 13:51:30,3.075,70.2,2995,26.05
2025-10-05 13:53:04,3.073,70.1,2998,26.05
2025-10-05 13:53:41,3.075,69.5,3004,26.05
2025-10-05 13:56:51,3.074,69.6,3013,26.06
2025-10-05 14:11:35,3.074,67.9,3026,25.99
2025-10-05 14:13:03,3.074,68.2,3027,26.02
2025-10-05 14:15:32,3.075,68,3028,25.99
2025-10-05 14:17:34,3.073,67.9,3035,26
2025-10-05 14:21:53,3.073,69.1,3056,26.06
2025-10-05 14:23:03,3.073,68.8,3060,26.12
2025-10-05 14:24:03,3.075,68.9,3062,26.09
2025-10-05 14:26:39,3.073,68.8,3068,26.15
2025-10-05 14:33:03,3.075,67.6,3075,26.24
2025-10-05 14:33:22,3.073,67.7,3076,26.23
2025-10-05 14:35:56,3.075,67.3,3095,26.26
2025-10-05 14:43:03,3.074,66.7,3101,26.2
2025-10-05 14:47:46,3.074,67.2,3102,26.13
2025-10-05 14:50:10,3.074,67.4,3104,26.11
2025-10-05 14:52:46,3.074,70.1,3107,26.11
2025-10-05 14:53:03,3.075,70.4,3108,26.07
2025-10-05 14:55:52,3.073,69.4,3119,26.07
2025-10-05 15:00:49,3.075,69,3123,26.09
2025-10-05 15:02:56,3.075,69.2,3124,26.07
2025-10-05 15:03:03,3.075,69.3,3125,26.07
2025-10-05 15:05:26,3.073,69.3,3126,26.07
2025-10-05 15:13:02,3.074,69.7,3132,26.09
2025-10-05 15:18:19,3.074,69.8,3133,26.09
2025-10-05 15:20:23,3.075,70.2,3135,26.06
2025-10-05 15:22:26,3.073,70.8,3148,26.05
2025-10-05 15:23:02,3.074,70.7,3153,26.09
2025-10-05 15:56:21,3.075,67.1,3323,25.72
2025-10-05 15:58:39,3.075,67.2,3336,25.57
2025-10-05 16:00:42,3.075,66.6,3344,25.47
2025-10-05 16:03:01,3.074,63.8,3354,25.33
2025-10-05 16:03:32,3.075,63.7,3355,25.31
2025-10-05 16:05:56,3.075,64,3357,25.17
2025-10-05 16:08:01,3.075,64.3,3375,25.1
2025-10-05 16:10:11,3.074,65.6,3392,25
2025-10-05 16:12:31,3.075,67.2,3398,24.9
2025-10-05 16:13:01,3.074,67.5,3399,24.87
2025-10-05 16:15:52,3.075,69.5,3406,24.81
2025-10-05 16:18:11,3.074,69.9,3413,24.82
2025-10-05 16:20:23,3.076,70,3429,24.89
2025-10-05 16:22:26,3.074,70.5,3454,24.89
2025-10-05 16:23:01,3.074,70.1,3462,24.89
2025-10-05 16:24:27,3.074,70.1,3472,24.81
2025-10-05 16:26:28,3.074,70.2,3493,24.74
2025-10-05 16:28:37,3.075,70.8,3501,24.72
2025-10-05 16:30:54,3.075,70.3,3514,24.71
2025-10-05 16:33:01,3.075,70.7,3519,24.76
2025-10-05 16:33:20,3.075,70.8,3520,24.75
2025-10-05 16:35:45,3.075,71.1,3521,24.78
2025-10-05 16:37:45,3.074,71.4,3531,24.82
2025-10-05 16:39:46,3.073,72,3555,24.85
2025-10-05 16:41:50,3.075,72.2,3567,24.9
2025-10-05 16:43:01,3.075,72,3568,24.9
2025-10-05 16:44:39,3.075,72.1,3573,24.92
2025-10-05 16:47:06,3.074,72,3585,24.95
2025-10-05 16:51:17,3.074,72.1,3590,24.96
2025-10-05 16:53:01,3.075,72.1,3595,24.93
2025-10-05 17:03:00,3.075,72,3595,24.96
2025-10-05 17:13:00,3.075,71.8,3595,24.99
2025-10-05 17:23:00,3.074,71.3,3595,24.97
2025-10-05 17:33:00,3.074,70.8,3595,24.96
2025-10-05 17:43:00,3.076,71.4,3595,24.96
2025-10-05 17:53:00,3.074,71.5,3595,24.96
2025-10-05 18:02:59,3.075,71.2,3595,24.86
2025-10-05 18:12:59,3.074,71.5,3595,24.87
2025-10-05 18:22:59,3.076,71,3595,24.86
2025-10-05 18:32:59,3.075,70.6,3595,24.82
2025-10-05 18:42:59,3.074,70.4,3595,24.81
2025-10-05 18:52:59,3.075,70.3,3595,24.76
2025-10-05 19:02:58,3.073,70.2,3595,24.72
2025-10-05 19:12:58,3.074,69.6,3595,24.71
2025-10-05 19:22:58,3.075,70.3,3595,24.69
2025-10-05 19:32:58,3.076,70.1,3595,24.65
2025-10-05 19:42:58,3.074,70.7,3595,24.65
2025-10-05 19:45:56,3.076,70.8,3596,24.64
2025-10-05 19:48:02,3.074,70.7,3610,24.61
2025-10-05 19:50:04,3.075,71.2,3624,24.61
2025-10-05 19:52:04,3.075,71.4,3652,24.59
2025-10-05 19:52:57,3.077,71.5,3661,24.62
2025-10-05 19:54:05,3.073,71.6,3669,24.61
2025-10-05 19:56:11,3.075,71.7,3695,24.65
2025-10-05 19:58:12,3.074,71.8,3702,24.66
2025-10-05 20:00:15,3.076,71.6,3713,24.69
2025-10-05 20:02:19,3.075,71.4,3732,24.69
2025-10-05 20:02:57,3.074,71.4,3737,24.72
2025-10-05 20:04:24,3.075,71.6,3752,24.74
2025-10-05 21:12:56,3.074,70.5,4201,24.87
2025-10-05 21:14:29,3.075,70.6,4221,24.9
2025-10-05 21:18:38,3.074,70.2,4264,24.89
2025-10-05 21:20:39,3.074,70.5,4290,24.9
2025-10-05 21:22:41,3.076,70.5,4308,24.9
2025-10-05 21:22:56,3.074,70.5,4308,24.89
2025-10-05 21:24:46,3.074,70.3,4324,24.87
2025-10-05 21:27:54,3.074,69.8,4338,24.9
2025-10-05 21:30:34,3.074,69.4,4346,24.9
2025-10-05 21:32:35,3.075,69.6,4350,24.89
2025-10-05 21:32:56,3.074,69.5,4351,24.89
2025-10-05 21:35:02,3.073,69.5,4354,24.89
2025-10-05 21:37:05,3.074,69.6,4376,24.89
2025-10-05 21:39:07,3.075,69.5,4384,24.9
2025-10-05 21:42:56,3.075,69.4,4400,24.92
2025-10-05 21:45:11,3.073,69.3,4401,24.89
2025-10-05 21:52:50,3.075,69.4,4412,24.86
2025-10-05 21:52:57,3.075,69.3,4413,24.86
2025-10-05 21:56:35,3.074,69.4,4419,24.85
2025-10-05 21:59:17,3.075,69.5,4422,24.85
2025-10-05 22:02:55,3.074,69.6,4426,24.83
2025-10-05 22:03:11,3.074,69.7,4427,24.86
2025-10-05 22:05:55,3.075,69.8,4428,24.83
2025-10-05 22:10:54,3.073,69.9,4432,24.82
2025-10-05 22:12:55,3.076,70,4440,24.82
2025-10-05 22:13:02,3.075,70.1,4441,24.82
2025-10-05 22:15:03,3.074,70.2,4460,24.82
2025-10-05 22:17:16,3.074,69.9,4462,24.83
2025-10-05 22:19:20,3.075,69.8,4465,24.85
2025-10-05 22:22:21,3.074,69.6,4468,24.85
2025-10-05 22:22:55,3.074,69.7,4473,24.83
2025-10-05 22:24:24,3.077,69.8,4489,24.86
2025-10-05 22:26:28,3.075,70.5,4515,24.85
2025-10-05 22:28:29,3.074,70.4,4532,24.86
2025-10-05 22:30:29,3.074,70.2,4550,24.87
2025-10-05 22:32:32,3.074,70.3,4577,24.87
2025-10-05 22:32:55,3.076,70.3,4582,24.86
2025-10-05 22:34:41,3.075,70.9,4607,24.9
2025-10-05 22:42:54,3.075,71,4607,24.85
2025-10-05 22:49:36,3.076,70.5,4608,24.85
2025-10-05 22:52:54,3.074,70.4,4617,24.82
2025-10-05 22:54:02,3.076,70.6,4618,24.82
2025-10-05 22:56:59,3.075,70.7,4622,24.83
2025-10-05 22:59:48,3.075,70.8,4624,24.81
2025-10-05 23:01:58,3.076,71.3,4632,24.81
2025-10-05 23:02:54,3.073,71.2,4634,24.78
2025-10-05 23:07:24,3.075,71.4,4638,24.79
2025-10-05 23:09:34,3.077,71.3,4640,24.81
2025-10-05 23:11:44,3.075,71.3,4646,24.78
2025-10-05 23:12:54,3.076,71.4,4647,24.78
2025-10-05 23:14:30,3.075,71.2,4648,24.76
2025-10-05 23:16:54,3.076,71.2,4650,24.78
2025-10-05 23:22:54,3.074,70.7,4651,24.74
2025-10-05 23:23:29,3.074,70.7,4652,24.75
2025-10-05 23:32:54,3.076,71,4653,24.74
2025-10-05 23:37:53,3.073,70.7,4654,24.71
2025-10-05 23:41:59,3.076,71.3,4655,24.69
2025-10-05 23:42:53,3.075,71.4,4655,24.72
2025-10-05 23:49:09,3.074,71.2,4656,24.68
2025-10-05 23:51:57,3.074,71.2,4661,24.68
2025-10-05 23:52:53,3.075,71.3,4665,24.68
2025-10-06 00:02:53,3.077,71,4665,24.66
2025-10-06 00:12:53,3.074,71.3,4665,24.64
2025-10-06 00:22:53,3.074,71.4,4665,24.59
2025-10-06 00:32:53,3.074,71,4665,24.59
2025-10-06 00:42:52,3.075,69.9,4665,24.47
2025-10-06 00:52:52,3.074,70.1,4665,24.44
2025-10-06 01:02:52,3.075,70.5,4665,24.41
2025-10-06 01:06:49,3.076,70.7,4666,24.38
2025-10-06 01:10:24,3.077,71,4672,24.44
2025-10-06 01:12:52,3.075,71.2,4672,24.41
2025-10-06 01:19:06,3.075,71.3,4673,24.44
2025-10-06 01:21:20,3.075,71.1,4678,24.44
2025-10-06 01:22:52,3.074,70.6,4678,24.42
2025-10-06 01:26:44,3.075,71.1,4679,24.44
2025-10-06 01:29:36,3.075,71.1,4683,24.44
2025-10-06 01:32:32,3.076,70.8,4685,24.45
2025-10-06 01:32:52,3.075,70.9,4686,24.44
2025-10-06 01:35:03,3.075,70.4,4692,24.42
2025-10-06 01:42:43,3.075,70.4,4693,24.39
2025-10-06 01:42:51,3.075,70.4,4693,24.39
2025-10-06 01:49:02,3.075,70.8,4694,24.39
2025-10-06 01:52:51,3.074,70.4,4696,24.38
2025-10-06 01:54:27,3.077,70.1,4697,24.38
2025-10-06 02:02:51,3.075,70.7,4698,24.35
2025-10-06 02:12:51,3.073,70.9,4698,24.32
2025-10-06 02:22:51,3.075,70.9,4698,24.32
2025-10-06 02:32:50,3.073,70.9,4698,24.32
2025-10-06 02:34:25,3.076,70.9,4699,24.32
2025-10-06 02:42:50,3.075,71.1,4699,24.3
2025-10-06 02:46:40,3.075,71.1,4700,24.32
2025-10-06 02:52:12,3.074,71.3,4701,24.3
2025-10-06 02:52:50,3.074,71.3,4701,24.3
2025-10-06 02:57:49,3.075,71.3,4702,24.3
2025-10-06 03:02:50,3.074,71.4,4702,24.28
2025-10-06 03:05:48,3.074,71.3,4703,24.3
2025-10-06 03:11:44,3.075,71.3,4704,24.28
2025-10-06 03:12:50,3.074,71.2,4704,24.28
2025-10-06 03:22:50,3.075,71.6,4704,24.26
2025-10-06 03:32:49,3.075,71.6,4704,24.26
2025-10-06 03:42:49,3.074,71.8,4704,24.27
2025-10-06 03:52:49,3.076,72,4704,24.26
2025-10-06 04:02:49,3.076,72,4704,24.27
2025-10-06 04:02:56,3.075,72,4705,24.27
2025-10-06 04:06:46,3.075,71.9,4707,24.27
2025-10-06 04:09:29,3.075,71.7,4709,24.26
2025-10-06 04:12:49,3.075,71.8,4710,24.26
2025-10-06 04:22:49,3.074,71.6,4710,24.24
2025-10-06 04:32:48,3.074,71.8,4710,24.2
2025-10-06 04:42:48,3.076,72,4710,24.17
2025-10-06 04:49:57,3.074,72.2,4711,24.19
2025-10-06 04:52:48,3.076,72.3,4712,24.19
2025-10-06 05:01:21,3.074,72.3,4713,24.14
2025-10-06 05:02:48,3.075,72.5,4713,24.14
2025-10-06 05:12:48,3.075,72.7,4713,24.13
2025-10-06 05:22:48,3.074,72.7,4713,24.11
2025-10-06 05:32:47,3.075,72.6,4713,24.11
2025-10-06 05:34:05,3.075,72.6,4714,24.09
2025-10-06 05:42:47,3.075,72.3,4716,24.1
2025-10-06 05:52:47,3.077,72.7,4716,24.09
2025-10-06 06:02:47,3.075,72.7,4716,24.07
2025-10-06 06:12:47,3.075,72.9,4716,24.06
2025-10-06 06:18:17,3.075,72.9,4717,24.04
2025-10-06 06:20:46,3.074,73.2,4718,24.06
2025-10-06 06:22:46,3.074,73.3,4718,24.02
2025-10-06 06:25:07,3.074,73.7,4719,24.03
2025-10-06 06:31:58,3.075,73.8,4720,23.97
2025-10-06 06:32:46,3.074,73.7,4728,23.99
2025-10-06 06:34:04,3.075,74.1,4741,23.99
2025-10-06 06:39:10,3.075,73.3,4747,24
2025-10-06 06:42:46,3.076,73.6,4747,24
2025-10-06 06:45:22,3.076,73.5,4748,23.95
2025-10-06 06:49:29,3.076,74.3,4783,23.95
2025-10-06 06:51:29,3.076,74.6,4807,23.96
2025-10-06 06:53:32,3.074,74.6,4829,23.96
2025-10-06 06:58:02,3.073,74.6,4847,23.97
2025-10-06 07:02:46,3.075,74.4,4859,24
2025-10-06 07:05:06,3.075,74.5,4879,24
2025-10-06 07:07:29,3.075,74.3,4885,23.96
2025-10-06 07:09:29,3.075,73.8,4898,23.93
2025-10-06 07:22:45,3.075,73.8,4919,23.92
2025-10-06 07:32:45,3.074,74.4,4919,23.82
2025-10-06 07:42:45,3.075,74.7,4919,23.79
2025-10-06 07:52:45,3.074,75.1,4919,23.77
2025-10-06 08:02:45,3.076,74.9,4919,23.77
2025-10-06 08:12:45,3.076,75.1,4919,23.76
2025-10-06 08:22:44,3.074,75.1,4919,23.79
2025-10-06 08:32:44,3.074,75.2,4919,23.83
2025-10-06 08:42:44,3.075,75.1,4919,23.86
2025-10-06 08:52:44,3.075,75,4919,23.84
2025-10-06 09:02:44,3.075,74.7,4919,23.82
2025-10-06 09:12:44,3.075,74.9,4919,23.8
2025-10-06 09:22:43,3.075,74.8,4919,23.8
2025-10-06 09:32:43,3.074,74.8,4919,23.79
2025-10-06 09:42:43,3.075,75.2,4919,23.8
2025-10-06 09:52:43,3.075,75,4919,23.87
2025-10-06 10:02:43,3.076,74.7,4919,23.92
2025-10-06 10:12:43,3.076,74.7,4919,23.95
2025-10-06 10:22:42,3.075,74.4,4919,23.97
2025-10-06 10:32:42,3.075,74,4919,24.02
2025-10-06 10:42:42,3.075,73.8,4919,24.06
2025-10-06 10:52:42,3.076,73.7,4919,24.13
2025-10-06 11:02:42,3.075,73.9,4919,24.17
2025-10-06 11:12:41,3.076,73.5,4919,24.23
2025-10-06 11:22:41,3.074,73,4919,24.27
2025-10-06 11:32:41,3.077,73.1,4919,24.31
2025-10-06 11:42:41,3.076,73,4919,24.39
2025-10-06 11:52:41,3.075,72.8,4919,24.42
2025-10-06 12:02:41,3.075,72.6,4919,24.47
2025-10-06 12:12:40,3.076,72.1,4919,24.54
2025-10-06 12:22:40,3.077,72.1,4919,24.54
2025-10-06 12:32:40,3.075,71.9,4919,24.61
2025-10-06 12:42:40,3.076,72.1,4919,24.62
2025-10-06 12:52:40,3.077,72.5,4919,24.65
2025-10-06 13:02:40,3.076,73,4919,24.71
2025-10-06 13:12:39,3.074,72.9,4919,24.74
2025-10-06 13:22:39,3.077,71.8,4919,24.76
2025-10-06 13:32:39,3.075,70.9,4919,24.74
2025-10-06 13:42:39,3.075,71.7,4919,24.64
2025-10-06 13:52:39,3.075,72.5,4919,24.64
2025-10-06 14:02:39,3.076,72.3,4919,24.51
2025-10-06 14:12:38,3.076,72.9,4919,24.26
2025-10-06 14:22:38,3.076,73.3,4919,24.09
2025-10-06 14:32:38,3.076,73.4,4919,24.17
2025-10-06 14:42:38,3.076,73.6,4919,24.23
2025-10-06 14:52:38,3.076,72.8,4919,24.2
2025-10-06 15:02:38,3.076,72.4,4919,24.14
2025-10-06 15:12:37,3.076,71.7,4919,24.17
2025-10-06 15:32:37,3.076,70.4,4919,24
2025-10-06 15:42:37,3.076,70.7,4919,24.03
2025-10-06 15:52:37,3.075,70.3,4919,24.04
2025-10-06 16:02:36,3.076,70.7,4919,23.99
2025-10-06 16:12:36,3.076,71.7,4919,23.83
2025-10-06 16:22:36,3.076,71.4,4919,23.82
2025-10-06 16:32:36,3.074,71.5,4919,23.89
2025-10-06 16:42:36,3.075,71.7,4919,23.92
2025-10-06 16:52:36,3.076,71.9,4919,23.97
2025-10-06 17:02:35,3.076,71.8,4919,24
2025-10-06 17:12:35,3.078,71.8,4919,24.04
2025-10-06 17:22:35,3.077,71.7,4919,24.06
2025-10-06 18:02:34,3.077,72.7,4919,24.09
2025-10-06 18:12:34,3.075,73.1,4919,24.09
2025-10-06 18:22:34,3.076,73.7,4919,24.1
2025-10-06 18:32:34,3.074,74.2,4919,24.16
2025-10-06 18:42:34,3.076,74.2,4919,24.16
2025-10-06 18:52:33,3.076,74.2,4919,24.13
2025-10-06 15:22:37,3.076,70.2,4919,24.1
2025-10-06 17:42:35,3.077,72.7,4919,24.06
2025-10-06 17:52:34,3.077,72.7,4919,24.1
2025-10-06 19:02:33,3.076,74,4919,24.16
2025-10-06 19:12:33,3.076,74.2,4919,24.19
2025-10-06 19:22:33,3.075,74.4,4919,24.14
2025-10-06 19:32:33,3.077,74.6,4919,24.16
2025-10-06 19:42:33,3.076,74.3,4919,24.14
2025-10-06 19:52:32,3.076,74.6,4919,24.16
2025-10-06 20:02:32,3.076,75,4919,24.14
2025-10-06 20:12:32,3.076,74.9,4919,24.13
2025-10-06 20:22:32,3.076,74.8,4919,24.13
2025-10-06 20:32:32,3.077,74.7,4919,24.07
2025-10-06 20:42:32,3.077,74.9,4919,24.1
2025-10-06 20:52:31,3.076,73.8,4919,24.1
2025-10-06 21:02:31,3.077,72.3,4919,24.11
2025-10-06 21:12:31,3.077,71.9,4919,24.13
2025-10-06 21:23:58,3.077,72.1,4950,24.19
2025-10-06 21:26:00,3.076,72.3,4973,24.16
2025-10-06 21:28:58,3.076,72.3,4986,24.16
2025-10-06 21:31:00,3.077,72.5,5008,24.16
2025-10-06 21:35:01,3.075,72.6,5036,24.14
2025-10-06 21:37:10,3.077,72.5,5055,24.1
2025-10-06 21:39:23,3.076,72.2,5059,24.14
2025-10-06 21:42:30,3.075,72.1,5061,24.13
2025-10-06 21:45:40,3.076,72.1,5062,24.11
2025-10-06 21:48:06,3.076,72.2,5065,24.11
2025-10-06 21:52:15,3.077,72.2,5066,24.09
2025-10-06 21:52:30,3.076,72.2,5068,24.1
2025-10-06 21:56:17,3.076,72.1,5074,24.09
2025-10-06 21:58:45,3.077,72.1,5085,24.1
2025-10-06 22:02:30,3.074,72,5089,24.06
2025-10-06 22:02:37,3.076,72,5090,24.09
2025-10-06 22:04:45,3.076,72.1,5099,24.06
2025-10-06 22:07:30,3.076,72.1,5100,24.07
2025-10-06 22:09:52,3.077,72.1,5105,24.07
2025-10-06 22:12:30,3.076,72.2,5111,24.04
2025-10-06 22:12:37,3.076,72.1,5112,24.07
2025-10-06 22:22:30,3.075,72.2,5116,24.06
2025-10-06 22:24:09,3.076,72.1,5117,24.03
2025-10-06 22:28:37,3.077,72.1,5128,24.04
2025-10-06 22:34:39,3.077,72.2,5129,24.04
2025-10-06 22:39:07,3.075,72.3,5131,24.02
2025-10-06 22:42:17,3.077,72.3,5134,24.02
2025-10-06 22:44:55,3.076,72.4,5138,23.97
2025-10-06 22:56:52,3.075,72.4,5145,23.95
2025-10-06 23:01:28,3.077,72.6,5150,23.97
2025-10-06 23:02:29,3.077,72.7,5152,23.95
2025-10-06 23:05:22,3.076,72.9,5157,23.95
2025-10-06 23:12:29,3.075,73.1,5166,23.95
2025-10-06 23:19:56,3.077,73.5,5167,23.93
2025-10-06 23:22:29,3.077,73.5,5167,23.93
2025-10-06 23:32:29,3.077,73.5,5167,23.92
2025-10-06 23:35:19,3.077,73.5,5168,23.92
2025-10-06 23:39:38,3.077,73.5,5173,23.9
2025-10-06 23:42:28,3.077,73.5,5183,23.93
2025-10-06 23:48:49,3.077,73.4,5184,23.92
2025-10-06 23:52:28,3.077,73.8,5188,23.9
2025-10-06 23:56:12,3.075,73.9,5189,23.9
2025-10-06 23:58:36,3.077,73.9,5198,23.9
2025-10-07 00:02:13,3.076,74,5206,23.92
2025-10-07 00:02:28,3.076,74.1,5207,23.92
2025-10-07 00:05:52,3.076,74.3,5211,23.93
2025-10-07 00:08:08,3.076,74.8,5224,23.92
2025-10-07 00:10:09,3.076,75,5236,23.93
2025-10-07 00:12:28,3.077,74.8,5242,23.93
2025-10-07 00:22:28,3.076,74.6,5242,23.89
2025-10-07 00:26:05,3.076,74.9,5243,23.9
2025-10-07 00:32:27,3.076,73.8,5246,23.83
2025-10-07 00:42:27,3.076,74.3,5246,23.72
2025-10-07 00:52:27,3.077,74.1,5246,23.71
2025-10-07 01:02:27,3.078,74.1,5246,23.66
2025-10-07 01:12:02,3.077,74.6,5247,23.64
2025-10-07 01:12:27,3.076,74.6,5247,23.65
2025-10-07 01:22:27,3.076,74.4,5247,23.64
2025-10-07 01:32:26,3.077,74,5247,23.58
2025-10-07 01:42:26,3.077,74.2,5247,23.35
2025-10-07 01:52:26,3.077,74.5,5247,23.25
2025-10-07 02:12:26,3.076,74.4,5247,23.25
2025-10-07 02:22:26,3.077,74.3,5247,23.27
2025-10-07 02:32:25,3.077,74.2,5247,23.34
2025-10-07 02:42:25,3.075,74.7,5247,23.37
2025-10-07 02:52:25,3.076,74.5,5247,23.4
2025-10-07 03:02:25,3.076,74.6,5247,23.41
2025-10-07 03:12:25,3.077,75.2,5247,23.41
2025-10-07 03:22:25,3.077,74.5,5247,23.4
2025-10-07 03:32:24,3.079,74.6,5247,23.38
2025-10-07 03:39:50,3.077,74.7,5248,23.4
2025-10-07 03:42:24,3.078,74.8,5248,23.4
2025-10-07 03:50:55,3.077,74.9,5249,23.4
2025-10-07 03:52:24,3.074,74.8,5250,23.4
2025-10-07 04:02:24,3.077,75,5250,23.41
2025-10-07 04:12:24,3.077,75.1,5251,23.42
2025-10-07 04:12:35,3.076,75,5252,23.41
2025-10-07 04:22:24,3.076,75.3,5258,23.44
2025-10-07 04:30:38,3.075,75.6,5259,23.42
2025-10-07 04:32:23,3.077,75.4,5263,23.41
2025-10-07 04:42:23,3.075,75.5,5263,23.41
2025-10-07 04:52:23,3.077,75.1,5263,23.42
2025-10-07 05:02:23,3.076,75.5,5263,23.41
2025-10-07 05:07:02,3.078,75.1,5264,23.42
2025-10-07 05:12:23,3.076,75.5,5264,23.41
2025-10-07 05:17:36,3.076,75.7,5265,23.4
2025-10-07 05:22:22,3.078,75.4,5266,23.37
2025-10-07 05:32:22,3.076,75.7,5266,23.35
2025-10-07 05:33:58,3.075,75.7,5267,23.37
2025-10-07 05:36:25,3.075,75.6,5278,23.38
2025-10-07 05:42:22,3.077,75.8,5280,23.38
2025-10-07 05:50:57,3.075,76,5281,23.38
2025-10-07 05:52:22,3.078,76,5293,23.38
2025-10-07 06:02:22,3.076,75.5,5293,23.37
2025-10-07 06:12:22,3.078,75.4,5293,23.35
2025-10-07 06:22:21,3.077,75.4,5293,23.32
2025-10-07 06:23:56,3.076,75.4,5294,23.32
2025-10-07 06:25:58,3.076,75.5,5301,23.34
2025-10-07 06:32:21,3.076,75.5,5304,23.31
2025-10-07 06:34:18,3.077,75.7,5305,23.34
2025-10-07 06:42:21,3.078,76.1,5312,23.31
2025-10-07 06:43:27,3.074,76.1,5313,23.29
2025-10-07 06:51:13,3.078,75.9,5317,23.31
2025-10-07 06:52:21,3.077,76.1,5319,23.29
2025-10-07 06:54:49,3.078,76,5320,23.31
2025-10-07 07:02:21,3.078,76.2,5321,23.29
2025-10-07 07:02:34,3.075,76.2,5322,23.29
2025-10-07 07:07:04,3.076,76.3,5331,23.27
2025-10-07 07:20:04,3.077,76.2,5340,23.25
2025-10-07 07:22:07,3.075,75.9,5341,23.24
2025-10-07 07:22:20,3.076,75.9,5341,23.24
2025-10-07 07:24:11,3.076,75.9,5343,23.21
2025-10-07 07:26:20,3.076,76.1,5354,23.18
2025-10-07 07:32:20,3.076,76.6,5359,23.14
2025-10-07 07:36:04,3.075,76.8,5360,23.13
2025-10-07 07:42:12,3.078,76.9,5366,23.13
2025-10-07 07:42:20,3.077,76.9,5366,23.16
2025-10-07 07:44:46,3.076,76.9,5383,23.17
2025-10-07 07:50:11,3.075,76.6,5398,23.18
2025-10-07 07:52:20,3.076,76.6,5402,23.21
2025-10-07 07:52:57,3.076,76.6,5403,23.18
2025-10-07 08:02:20,3.077,76.4,5406,23.22
2025-10-07 08:12:20,3.077,76.2,5406,23.27
2025-10-07 08:22:19,3.077,76.2,5406,23.29
2025-10-07 08:32:19,3.076,76,5406,23.37
2025-10-07 08:33:32,3.074,76,5407,23.35
2025-10-07 08:41:07,3.075,76.1,5408,23.41
2025-10-07 08:42:19,3.076,76,5408,23.38
2025-10-07 08:52:19,3.076,75.5,5408,23.47
2025-10-07 08:57:39,3.076,75.3,5409,23.48
2025-10-07 09:02:19,3.077,75.3,5412,23.54
2025-10-07 09:12:18,3.075,75,5412,23.56
2025-10-07 09:22:18,3.076,74.8,5412,23.68
2025-10-07 09:32:18,3.076,74.1,5412,23.82
2025-10-07 09:52:18,3.077,73.8,5412,24.09
2025-10-07 10:00:02,3.077,72.2,5413,24.16
2025-10-07 10:02:18,3.077,72.1,5416,24.21
2025-10-07 10:03:31,3.077,71.9,5417,24.2
2025-10-07 10:12:17,3.075,72,5419,24.27
2025-10-07 10:22:17,3.076,71.2,5419,24.28
2025-10-07 10:27:28,3.077,71.6,5420,24.31
2025-10-07 10:32:17,3.077,71.9,5420,24.34
2025-10-07 10:41:01,3.076,71.8,5421,24.38
2025-10-07 10:42:17,3.076,71.9,5425,24.37
2025-10-07 10:43:10,3.076,71.9,5428,24.35
2025-10-07 10:45:24,3.077,72.3,5449,24.39
2025-10-07 10:49:16,3.077,71.8,5469,24.42
2025-10-07 10:51:29,3.075,71.8,5488,24.42
2025-10-07 10:52:17,3.077,72.1,5488,24.44
2025-10-07 10:54:41,3.076,71.1,5489,24.44
2025-10-07 10:57:11,3.076,71,5491,24.41
2025-10-07 10:59:12,3.077,71.6,5502,24.44
2025-10-07 11:02:17,3.076,72,5503,24.5
2025-10-07 11:04:09,3.075,71.9,5504,24.48
2025-10-07 11:07:32,3.075,71.6,5512,24.54
2025-10-07 11:09:34,3.078,70.8,5516,24.58
2025-10-07 11:12:16,3.076,70.5,5519,24.59
2025-10-07 11:14:01,3.076,71.1,5520,24.62
2025-10-07 11:16:35,3.077,71.2,5526,24.62
2025-10-07 11:22:16,3.076,69.4,5529,24.66
2025-10-07 11:26:24,3.078,69.9,5530,24.66
2025-10-07 11:28:40,3.076,69,5539,24.71
2025-10-07 11:30:47,3.077,69.7,5546,24.74
2025-10-07 11:32:16,3.076,68.7,5548,24.72
2025-10-07 11:32:52,3.076,67.8,5549,24.71
2025-10-07 11:42:16,3.075,67.3,5553,24.76
2025-10-07 16:12:11,3.076,63.1,5661,25.33
2025-10-07 16:22:11,3.077,66.1,5661,25.24
2025-10-07 16:32:11,3.077,68,5661,25.21
2025-10-07 16:42:11,3.078,67.5,5661,25.19
2025-10-07 16:52:10,3.076,67.5,5661,25.17
2025-10-07 17:02:10,3.076,68.2,5661,25.13
2025-10-07 17:12:10,3.077,68.6,5676,25.1
2025-10-07 17:12:20,3.075,68.8,5677,25.1
2025-10-07 17:14:22,3.075,68.8,5688,25.1
2025-10-07 17:16:26,3.076,68.8,5700,25.12
2025-10-07 17:18:48,3.076,67.9,5707,25.12
2025-10-07 17:22:10,3.076,67,5713,25.09
2025-10-07 17:28:59,3.077,68.1,5714,25.09
2025-10-07 17:31:50,3.076,67.6,5716,25.09
2025-10-07 17:32:10,3.075,67.8,5717,25.09
2025-10-07 17:42:10,3.076,66,5720,25.1
2025-10-07 17:48:33,3.076,65.1,5721,25.1
2025-10-07 17:50:59,3.076,65,5729,25.09
2025-10-07 17:52:09,3.076,65.2,5729,25.08
2025-10-07 18:02:09,3.076,67.3,5729,25.09
2025-10-07 18:02:31,3.076,67.2,5730,25.1
2025-10-07 18:05:00,3.076,67.5,5741,25.09
2025-10-07 18:07:01,3.076,67.5,5757,25.1
2025-10-07 18:09:02,3.076,67.9,5783,25.08
2025-10-07 18:11:25,3.077,67.8,5794,25.12
2025-10-07 18:12:09,3.077,67.9,5794,25.1
2025-10-07 18:18:11,3.077,68.2,5799,25.1
2025-10-07 18:21:26,3.076,68.4,5800,25.1
2025-10-07 18:22:09,3.077,68.4,5802,25.09
2025-10-07 18:24:22,3.076,68.6,5804,25.09
2025-10-07 18:26:22,3.075,68.6,5813,25.1
2025-10-07 18:28:47,3.077,68.7,5823,25.09
2025-10-07 18:31:55,3.077,68.5,5829,25.09
2025-10-07 18:32:09,3.077,68.6,5830,25.09
2025-10-07 18:35:16,3.077,68.9,5840,25.06
2025-10-07 18:37:29,3.077,68.9,5843,25.08
2025-10-07 18:39:47,3.076,68.6,5844,25.09
2025-10-07 18:42:09,3.077,68.5,5844,25.08
2025-10-07 18:52:08,3.077,68.8,5844,25.03
2025-10-07 18:59:09,3.077,69.5,5845,24.99
2025-10-07 19:02:08,3.077,70,5845,24.99
2025-10-07 19:10:31,3.077,70.8,5846,24.97
2025-10-07 19:12:08,3.077,70.9,5858,24.95
2025-10-07 19:13:34,3.077,70.8,5859,24.95
2025-10-07 19:15:48,3.077,70.8,5866,24.93
2025-10-07 19:22:08,3.075,70.4,5868,24.89
2025-10-07 19:32:08,3.077,70.8,5868,24.76
2025-10-07 19:33:49,3.078,71.1,5869,24.71
2025-10-07 19:42:07,3.077,71.6,5875,24.59
2025-10-07 19:52:07,3.077,72,5875,24.57
2025-10-07 20:00:18,3.077,72.4,5876,24.59
2025-10-07 20:02:07,3.076,72.9,5877,24.61
2025-10-07 20:04:23,3.076,73.5,5878,24.61
2025-10-07 20:06:24,3.076,73.8,5897,24.61
2025-10-07 20:08:44,3.077,73.7,5914,24.62
2025-10-07 20:10:44,3.075,73.2,5929,24.66
2025-10-07 20:12:07,3.077,73.4,5941,24.66
2025-10-07 20:12:47,3.076,73.5,5950,24.68
2025-10-07 20:14:53,3.075,74.1,5971,24.72
2025-10-07 20:17:56,3.077,75.2,5988,24.76
2025-10-07 20:19:58,3.076,74.9,6011,24.76
2025-10-07 20:22:07,3.077,74.3,6025,24.79
2025-10-07 20:22:22,3.077,74.4,6026,24.79
2025-10-07 20:24:59,3.076,74.7,6035,24.83
2025-10-07 20:27:16,3.077,73.7,6047,24.85
2025-10-07 20:29:17,3.076,73.4,6069,24.85
2025-10-07 20:31:24,3.078,73,6091,24.85
2025-10-07 20:32:07,3.077,73.3,6099,24.86
2025-10-07 20:33:24,3.075,73.3,6116,24.87
2025-10-07 20:35:25,3.076,73.5,6136,24.9
2025-10-07 20:37:27,3.076,73.7,6155,24.9
2025-10-07 20:39:44,3.076,73.7,6161,24.89
2025-10-07 20:41:49,3.076,74,6191,24.92
2025-10-07 20:42:06,3.077,74.1,6194,24.9
2025-10-07 20:43:55,3.076,74.4,6212,24.93
2025-10-07 20:46:03,3.076,74.1,6233,24.93
2025-10-07 20:48:03,3.076,74.2,6254,24.95
2025-10-07 20:50:10,3.077,73.7,6267,24.93
2025-10-07 20:52:06,3.076,73.6,6287,24.97
2025-10-07 20:52:13,3.077,73.6,6289,24.95
2025-10-07 20:54:16,3.078,73.7,6309,24.95
2025-10-07 20:56:18,3.076,73.7,6326,24.95
2025-10-07 20:58:22,3.077,73.9,6344,24.96
2025-10-07 21:00:24,3.077,74.1,6364,24.97
2025-10-07 21:02:06,3.077,74,6369,24.99
2025-10-07 21:02:36,3.076,74,6370,24.99
2025-10-07 21:04:48,3.076,74.3,6385,25
2025-10-07 21:06:54,3.078,74.1,6397,24.99
2025-10-07 21:08:56,3.076,73.8,6418,25
2025-10-07 21:10:58,3.076,73.5,6434,25.02
2025-10-07 21:12:06,3.076,73.3,6437,25.02
2025-10-07 21:13:11,3.077,73.3,6440,25
2025-10-07 21:16:04,3.076,73.3,6445,25.02
2025-10-07 21:18:09,3.075,73.2,6455,25.02
2025-10-07 21:20:25,3.078,73.4,6464,25.03
2025-10-07 21:22:06,3.076,73.6,6477,25.03
2025-10-07 21:22:29,3.075,73.6,6482,25.03
2025-10-07 21:24:39,3.076,73.6,6510,25.02
2025-10-07 21:26:42,3.076,73,6532,25.03
2025-10-07 21:28:51,3.077,73.3,6555,25.02
2025-10-07 21:31:11,3.077,73.6,6572,25.05
2025-10-07 21:32:06,3.077,73.8,6577,25.03
2025-10-07 21:33:15,3.076,73.8,6592,25.03
2025-10-07 21:35:41,3.076,73.9,6598,25.06
2025-10-07 21:38:27,3.075,74,6612,25.05
2025-10-07 21:40:28,3.076,73.9,6628,25.08
2025-10-07 21:42:05,3.075,74.1,6642,25.12
2025-10-07 21:42:49,3.077,74.2,6644,25.09
2025-10-07 21:44:56,3.076,74.1,6663,25.08
2025-10-07 21:47:45,3.076,74.1,6675,25.09
2025-10-07 21:50:56,3.077,74.3,6681,25.12
2025-10-07 21:52:05,3.076,74.1,6682,25.1
2025-10-07 21:56:12,3.077,74,6684,25.1
2025-10-07 22:01:05,3.076,74.6,6697,25.1
2025-10-07 22:03:15,3.076,75,6706,25.09
2025-10-07 22:08:09,3.077,75.5,6707,25.12
2025-10-07 22:12:05,3.077,75.9,6708,25.13
2025-10-07 22:12:26,3.076,75.8,6709,25.1
2025-10-07 22:22:05,3.077,76.1,6728,25.14
2025-10-07 22:22:50,3.075,76.1,6729,25.13
2025-10-07 22:27:20,3.077,76.2,6731,25.13
2025-10-07 22:32:04,3.075,76,6735,25.13
2025-10-07 22:42:04,3.076,75.9,6735,25.1
2025-10-07 22:52:04,3.076,75.2,6735,25.09
2025-10-07 23:02:04,3.077,75,6735,25.05
2025-10-07 23:12:04,3.076,76.1,6735,25.06
2025-10-07 23:22:04,3.077,76,6735,25.06
2025-10-07 23:32:03,3.077,75.5,6735,25
2025-10-07 23:34:18,3.075,75.7,6736,25.02
2025-10-07 23:42:03,3.077,75.4,6736,25
2025-10-07 23:52:03,3.077,75.8,6736,25
2025-10-08 00:02:03,3.076,75.2,6736,24.96
2025-10-08 00:12:03,3.077,75.3,6736,24.96
2025-10-08 00:22:03,3.077,74.9,6736,24.95
2025-10-08 00:32:02,3.076,75.1,6736,24.92
2025-10-08 00:38:43,3.077,75.3,6737,24.9
2025-10-08 00:42:02,3.076,75,6737,24.92
2025-10-08 00:52:02,3.076,74.7,6737,24.89
2025-10-08 00:59:15,3.076,74.7,6738,24.85
2025-10-08 01:02:02,3.076,74.5,6738,24.86
2025-10-08 01:12:02,3.076,74.5,6738,24.85
2025-10-08 01:22:02,3.077,75,6738,24.86
2025-10-08 01:32:01,3.077,74.8,6738,24.85
2025-10-08 01:42:01,3.075,74.8,6738,24.83
2025-10-08 01:52:01,3.076,75.3,6738,24.82
2025-10-08 02:02:01,3.077,75.2,6738,24.81
2025-10-08 02:05:50,3.077,74.8,6739,24.83
2025-10-08 02:12:01,3.078,74.8,6739,24.81
2025-10-08 02:22:00,3.076,74.9,6739,24.79
2025-10-08 02:32:00,3.077,74.7,6739,24.78
2025-10-08 02:41:17,3.077,74.8,6740,24.76
2025-10-08 02:42:00,3.076,74.8,6742,24.78
2025-10-08 02:52:00,3.076,74.4,6742,24.74
2025-10-08 03:02:00,3.076,75.3,6742,24.72
2025-10-08 03:12:00,3.079,75.4,6742,24.71
2025-10-08 03:21:59,3.078,75.3,6742,24.71
2025-10-08 03:25:25,3.076,75.4,6743,24.69
2025-10-08 03:27:36,3.075,75.5,6755,24.72
2025-10-08 03:29:42,3.077,75.6,6762,24.71
2025-10-08 03:31:59,3.077,75.5,6768,24.71
2025-10-08 03:32:41,3.076,75.4,6769,24.72
2025-10-08 03:34:52,3.076,75.3,6774,24.74
2025-10-08 03:41:59,3.078,74.8,6782,24.75
2025-10-08 03:45:40,3.077,74.5,6783,24.71
2025-10-08 03:51:59,3.076,74.9,6789,24.72
2025-10-08 03:59:13,3.076,74.9,6790,24.68
2025-10-08 04:01:59,3.076,75.1,6792,24.68
2025-10-08 04:11:59,3.076,75.2,6792,24.65
2025-10-08 04:19:45,3.077,74.9,6793,24.64
2025-10-08 04:21:58,3.077,75.2,6793,24.62
2025-10-08 04:31:58,3.076,75.1,6793,24.62
2025-10-08 04:41:58,3.075,75.1,6793,24.62
2025-10-08 04:51:58,3.077,75.5,6793,24.59
2025-10-08 05:01:58,3.075,75.3,6793,24.61
2025-10-08 05:11:58,3.077,75.4,6793,24.62
2025-10-08 05:21:57,3.075,74.8,6793,24.58
2025-10-08 05:22:19,3.077,74.8,6794,24.59
2025-10-08 05:31:08,3.076,75.2,6795,24.58
2025-10-08 05:31:57,3.077,75.1,6800,24.57
2025-10-08 05:34:40,3.079,75.3,6802,24.55
2025-10-08 05:36:49,3.077,75.3,6808,24.57
2025-10-08 05:41:57,3.076,74.8,6811,24.55
2025-10-08 05:49:20,3.076,74.9,6812,24.55
2025-10-08 05:51:57,3.077,74.7,6817,24.54
2025-10-08 05:52:39,3.076,74.7,6818,24.55
2025-10-08 06:01:57,3.075,74.6,6818,24.51
2025-10-08 06:04:24,3.078,74.7,6819,24.48
2025-10-08 06:09:18,3.077,74.4,6824,24.5
2025-10-08 06:11:38,3.077,74.8,6838,24.48
2025-10-08 06:11:57,3.078,74.7,6838,24.47
2025-10-08 06:31:56,3.076,75.5,6850,24.45
2025-10-08 06:36:07,3.075,75.5,6851,24.44
2025-10-08 06:41:56,3.076,75.4,6856,24.42
2025-10-08 07:01:56,3.078,75.9,6874,24.39
2025-10-08 07:03:32,3.075,76,6875,24.41
2025-10-08 07:09:01,3.077,76.4,6879,24.41
2025-10-08 07:11:55,3.075,76.5,6879,24.39
2025-10-08 07:12:10,3.077,76.5,6880,24.39
2025-10-08 07:15:37,3.074,76.5,6886,24.41
2025-10-08 07:17:43,3.077,76.6,6907,24.42
2025-10-08 07:19:44,3.076,76.8,6922,24.42
2025-10-08 07:21:47,3.077,76.8,6949,24.44
2025-10-08 07:21:55,3.077,76.7,6950,24.42
2025-10-08 07:24:15,3.076,76.7,6951,24.42
2025-10-08 07:31:55,3.077,76.2,6974,24.44
2025-10-08 07:41:55,3.077,75.7,6974,24.42
2025-10-08 07:51:55,3.076,75.5,6974,24.54
2025-10-08 07:52:32,3.076,75.4,6975,24.55
2025-10-08 08:01:55,3.075,75,6976,24.69
2025-10-08 08:11:54,3.077,74.4,6976,24.89
2025-10-08 08:21:54,3.076,74.2,6976,25
2025-10-08 08:31:54,3.076,73.9,6976,25.16
2025-10-08 08:41:54,3.076,73.7,6976,25.2
2025-10-08 08:51:54,3.077,73.9,6976,25.17
2025-10-08 09:01:54,3.077,74.2,6976,25.1
2025-10-08 09:11:53,3.077,74.5,6976,25.03
2025-10-08 09:21:53,3.077,74.7,6976,25
2025-10-08 09:31:53,3.076,74.5,6976,25.09
2025-10-08 09:41:53,3.077,74.5,6976,25.17
2025-10-08 09:51:53,3.077,74.6,6976,25.27
2025-10-08 09:59:40,3.078,74.1,6977,25.33
2025-10-08 10:01:42,3.076,74,6997,25.36
2025-10-08 10:01:53,3.076,73.9,6998,25.36
2025-10-08 10:11:52,3.077,71.7,6998,25.42
2025-10-08 10:13:14,3.079,71.7,6999,25.41
2025-10-08 10:17:49,3.076,71.7,7007,25.41
2025-10-08 10:20:18,3.077,72.2,7024,25.44
2025-10-08 10:21:52,3.077,72.2,7027,25.45
2025-10-08 10:22:34,3.076,72.2,7029,25.47
2025-10-08 10:24:35,3.076,71.9,7035,25.48
2025-10-08 10:31:52,3.076,71.7,7043,25.52
2025-10-08 10:41:52,3.079,71,7043,25.58
2025-10-08 11:01:51,3.077,67.5,7043,25.67
2025-10-08 11:11:51,3.078,68.2,7043,25.69
2025-10-08 11:21:51,3.077,69.4,7043,25.71
2025-10-08 11:31:51,3.075,69.7,7043,25.67
2025-10-08 11:41:51,3.076,70.1,7043,25.56
2025-10-08 11:58:16,3.076,69.9,7044,25.4
2025-10-08 12:10:41,3.079,69.8,7055,25.3
2025-10-08 12:11:50,3.078,70,7063,25.31
2025-10-08 12:21:50,3.078,69.5,7064,25.24
2025-10-08 12:31:50,3.077,69.5,7064,25.23
2025-10-08 12:41:50,3.076,68.5,7064,25.23
2025-10-08 12:51:50,3.077,68.1,7064,25.2
2025-10-08 13:01:49,3.077,68.5,7064,25.21
2025-10-08 13:11:49,3.077,69,7064,25.24
2025-10-08 13:41:49,3.077,69.8,7064,25.26
2025-10-08 13:51:48,3.077,68.8,7064,25.26
2025-10-08 14:01:48,3.076,68.5,7064,25.27
2025-10-08 14:11:48,3.077,68.2,7064,25.26
2025-10-08 14:21:48,3.077,67.9,7064,25.29
2025-10-08 14:31:48,3.078,67.9,7064,25.3
2025-10-08 14:41:48,3.076,68.5,7064,25.34
2025-10-08 14:51:47,3.077,69.7,7064,25.38
2025-10-08 15:01:47,3.077,70.2,7064,25.47
2025-10-08 15:11:47,3.077,70.5,7064,25.5
2025-10-08 15:21:47,3.077,70.7,7064,25.52
2025-10-08 15:31:47,3.076,71,7064,25.56
2025-10-08 15:41:47,3.075,70.8,7064,25.6
2025-10-08 15:51:46,3.077,70.7,7064,25.61
2025-10-08 16:01:46,3.077,71,7064,25.63
2025-10-08 16:11:46,3.077,71,7064,25.63
2025-10-08 16:21:46,3.075,71,7064,25.67
2025-10-08 16:31:46,3.077,70.3,7064,25.65
2025-10-08 16:41:46,3.075,68.7,7064,25.65
2025-10-08 16:51:45,3.077,67.9,7064,25.68
2025-10-08 17:01:45,3.076,67.7,7064,25.67
2025-10-08 17:11:45,3.077,67.8,7064,25.63
2025-10-08 17:21:45,3.078,68.6,7064,25.61
2025-10-08 17:31:45,3.077,68.4,7064,25.61
2025-10-08 17:41:44,3.077,68.8,7064,25.58
2025-10-08 17:51:44,3.076,69.3,7064,25.51
2025-10-08 18:01:44,3.077,69.6,7064,25.52
2025-10-08 18:11:44,3.078,69.9,7064,25.45
2025-10-08 18:21:44,3.076,69.8,7064,25.47
2025-10-08 18:31:44,3.077,69.7,7064,25.4
2025-10-08 18:41:43,3.08,69.6,7064,25.34
2025-10-08 18:51:43,3.077,69.8,7064,25.29
2025-10-08 19:01:43,3.078,70,7064,25.26
2025-10-08 19:11:43,3.08,70.6,7064,25.27
2025-10-08 19:21:43,3.077,71.2,7064,25.26
2025-10-08 19:31:43,3.078,71.3,7064,25.27
2025-10-08 19:41:42,3.076,71.4,7064,25.27
2025-10-08 19:51:42,3.078,71.7,7064,25.24
2025-10-08 20:01:42,3.078,71.9,7064,25.24
2025-10-08 20:11:42,3.077,72,7064,25.24
2025-10-08 20:21:42,3.079,71.9,7064,25.21
2025-10-08 20:31:42,3.078,71.9,7064,25.19
2025-10-08 20:41:41,3.078,72.1,7064,25.17
2025-10-08 20:51:41,3.077,72,7064,25.14
2025-10-08 21:01:41,3.077,72.1,7064,25.19
2025-10-08 21:11:41,3.076,72,7064,25.21
2025-10-08 21:21:41,3.078,71.8,7064,25.2
2025-10-08 21:31:41,3.078,72.1,7064,25.19
2025-10-08 21:41:40,3.076,72,7064,25.17
2025-10-08 21:51:40,3.079,72,7064,25.14
2025-10-08 22:01:40,3.08,71.9,7064,25.13
2025-10-08 22:11:40,3.077,72,7064,25.12
2025-10-08 22:21:40,3.078,71.8,7064,25.16
2025-10-08 22:31:39,3.079,71.7,7064,25.1
2025-10-08 22:41:39,3.078,71.7,7064,25.09
2025-10-08 22:51:39,3.076,71.7,7064,25.08
2025-10-08 23:01:39,3.078,71.6,7064,25.06
2025-10-08 23:11:39,3.078,71.6,7064,25.05
2025-10-08 23:21:39,3.078,71.8,7064,25.03
2025-10-08 23:41:38,3.078,72,7064,24.97
2025-10-08 23:51:38,3.079,72.4,7064,24.96
2025-10-09 00:01:38,3.078,73.3,7064,25.02
2025-10-09 00:11:38,3.077,72.6,7064,25.03
2025-10-09 00:21:38,3.079,73.3,7064,25.05
2025-10-09 00:31:37,3.078,72.1,7064,25
2025-10-09 00:41:37,3.078,72.5,7064,24.99
2025-10-09 00:51:37,3.078,72.5,7064,24.99
2025-10-09 01:01:37,3.079,72.6,7064,24.97
2025-10-09 01:11:37,3.079,72.3,7064,24.93
2025-10-09 01:21:37,3.078,72.3,7064,24.92
2025-10-09 01:31:36,3.08,71.8,7064,24.9
2025-10-09 01:41:36,3.077,72.1,7064,24.9
2025-10-09 01:51:36,3.08,72.1,7064,24.87
2025-10-09 02:01:36,3.078,72.1,7064,24.86
2025-10-09 02:11:36,3.079,72.4,7064,24.58
2025-10-09 02:21:35,3.078,73,7064,24.48
2025-10-09 02:31:35,3.08,71.7,7064,24.24
2025-10-09 02:41:35,3.078,71.5,7064,24.16
2025-10-09 02:51:35,3.077,71.2,7064,24.13
2025-10-09 03:01:35,3.079,70.9,7064,23.97
2025-10-09 03:11:35,3.078,71.4,7064,23.83
2025-10-09 03:21:34,3.079,69.8,7064,23.51
2025-10-09 03:31:34,3.078,69.8,7064,23.54
2025-10-09 03:41:34,3.079,67.5,7064,23.49
2025-10-09 03:51:34,3.078,68.3,7064,23.65
2025-10-09 04:01:34,3.079,68.6,7064,23.75
2025-10-09 04:11:34,3.08,68.9,7064,23.82
2025-10-09 04:21:33,3.08,68.3,7064,23.69
2025-10-09 04:31:33,3.079,68.5,7064,23.76
2025-10-09 04:41:33,3.078,68.2,7064,23.83
2025-10-09 04:51:33,3.079,68.1,7064,23.83
2025-10-09 05:01:33,3.079,68.2,7064,23.83
2025-10-09 05:11:32,3.079,68.5,7064,23.86
2025-10-09 05:21:32,3.078,69,7064,23.87
2025-10-09 05:31:32,3.079,69.5,7064,23.9
2025-10-09 05:41:32,3.079,69.8,7064,23.86
2025-10-09 05:51:32,3.081,70.3,7064,23.8
2025-10-09 06:01:32,3.08,70.1,7064,23.8
2025-10-09 06:11:31,3.079,69.2,7064,23.73
2025-10-09 06:21:31,3.079,68.8,7064,23.76
2025-10-09 06:31:31,3.076,68.7,7064,23.77
2025-10-09 06:41:31,3.079,69,7064,23.8
2025-10-09 06:51:31,3.077,68.6,7064,23.75
2025-10-09 07:01:31,3.078,69.3,7064,23.8
2025-10-09 07:11:30,3.078,69.3,7064,23.83
2025-10-09 07:21:30,3.08,69.4,7064,23.83
2025-10-09 07:31:30,3.078,69.8,7064,23.89
2025-10-09 07:41:30,3.079,69.1,7064,23.89
2025-10-09 07:51:30,3.079,69.3,7064,23.86
2025-10-09 08:01:30,3.079,69.9,7064,23.92
2025-10-09 08:11:29,3.077,69.6,7064,23.96
2025-10-09 08:21:29,3.079,68.5,7064,24
2025-10-09 08:31:29,3.08,69.5,7064,24
2025-10-09 08:41:29,3.079,69.6,7064,24.03
2025-10-09 08:51:29,3.078,69.3,7064,24.03
2025-10-09 09:01:28,3.079,69.6,7064,24.07
2025-10-09 09:11:28,3.08,69.4,7064,24.16
2025-10-09 09:21:28,3.078,69.6,7064,24.2
2025-10-09 09:31:28,3.077,69.9,7064,24.3
2025-10-09 09:41:28,3.079,69.7,7064,24.34
2025-10-09 10:01:27,3.078,69.7,7064,24.47
2025-10-09 10:11:27,3.077,69.4,7064,24.55
2025-10-09 10:21:27,3.079,69.2,7064,24.62
2025-10-09 10:31:27,3.078,68.5,7064,24.69
2025-10-09 10:41:27,3.079,66.8,7064,24.79
2025-10-09 10:51:27,3.078,68.1,7064,24.86
2025-10-09 11:01:26,3.079,67.3,7064,25.02
2025-10-09 11:31:26,3.079,70.2,7064,25.21
2025-10-09 11:41:26,3.078,68.4,7064,25.23
2025-10-09 11:51:25,3.078,67.4,7064,25.23
2025-10-09 12:01:25,3.079,67,7064,25.23
2025-10-09 12:11:25,3.079,67,7064,25.21
2025-10-09 12:31:25,3.08,66.5,7064,25.14
2025-10-09 12:41:25,3.08,65.6,7064,25.13
2025-10-09 12:51:24,3.079,65.9,7064,25.1
2025-10-09 13:01:24,3.08,66.1,7064,25.13
2025-10-09 13:11:24,3.08,66.6,7064,25.2
2025-10-09 13:21:24,3.079,67.2,7064,25.23
2025-10-09 13:31:24,3.077,67.5,7064,25.27
2025-10-09 13:41:24,3.078,67.3,7064,25.36
2025-10-09 13:51:23,3.079,67.8,7064,25.37
2025-10-09 14:01:23,3.079,67.7,7064,25.45
2025-10-09 14:11:23,3.079,67.6,7064,25.48
2025-10-09 14:21:23,3.078,67.6,7064,25.56
2025-10-09 14:31:23,3.078,66.7,7064,25.58
2025-10-09 14:41:23,3.079,66.5,7064,25.64
2025-10-09 14:51:22,3.08,65.8,7064,25.63
2025-10-09 15:01:22,3.078,65.6,7064,25.65
2025-10-09 15:11:22,3.079,65.3,7064,25.69
2025-10-09 15:21:22,3.079,65.2,7064,25.72
2025-10-09 15:31:22,3.079,65.3,7064,25.72
2025-10-09 15:41:22,3.076,65.3,7064,25.72
2025-10-09 15:51:21,3.078,65.6,7064,25.76
2025-10-09 16:01:21,3.08,65.8,7064,25.75
2025-10-09 16:11:21,3.078,65.4,7064,25.78
2025-10-09 16:21:21,3.079,65.3,7064,25.78
2025-10-09 16:31:21,3.076,65.2,7064,25.82
2025-10-09 16:41:20,3.08,64.6,7064,25.81
2025-10-09 16:51:20,3.079,64.1,7064,25.81
2025-10-09 17:01:20,3.08,64,7064,25.82
2025-10-09 17:11:20,3.08,64.2,7064,25.82
2025-10-09 17:21:20,3.079,63.8,7064,25.82
2025-10-09 17:31:20,3.079,63.9,7064,25.81
2025-10-09 17:41:19,3.079,64.3,7064,25.81
2025-10-09 17:51:19,3.079,64,7064,25.76
2025-10-09 18:01:19,3.079,63.5,7064,25.76
2025-10-09 18:11:19,3.079,63.7,7064,25.75
2025-10-09 18:21:19,3.078,64,7064,25.71
2025-10-09 18:31:19,3.08,64.1,7064,25.67
2025-10-09 18:41:18,3.079,64.4,7064,25.64
2025-10-09 18:51:18,3.08,64.7,7064,25.54
2025-10-09 19:01:18,3.08,65,7064,25.56
2025-10-09 19:11:18,3.079,65.6,7064,25.56
2025-10-09 19:21:18,3.078,65.9,7064,25.6
2025-10-09 19:31:18,3.078,66.4,7064,25.56
2025-10-09 19:41:17,3.08,66.4,7064,25.57
2025-10-09 19:51:17,3.079,66.6,7064,25.6
2025-10-09 20:01:17,3.079,66.7,7064,25.6
2025-10-09 20:11:17,3.08,66.8,7064,25.61
2025-10-09 20:21:17,3.079,67.1,7064,25.64
2025-10-09 20:31:16,3.079,67.3,7064,25.69
2025-10-09 20:41:16,3.079,67.3,7064,25.65
2025-10-09 20:51:16,3.079,67.1,7064,25.64
2025-10-09 21:01:16,3.08,67.1,7064,25.65
2025-10-09 21:11:16,3.08,67.7,7064,25.68
2025-10-09 21:21:16,3.079,68,7064,25.68
2025-10-09 21:31:15,3.08,67.7,7064,25.68
2025-10-09 21:41:15,3.079,68.2,7064,25.67
2025-10-09 21:51:15,3.078,69,7064,25.68
2025-10-09 22:01:15,3.08,68.7,7064,25.68
2025-10-09 22:11:15,3.08,68,7064,25.67
2025-10-09 22:21:15,3.078,68.7,7064,25.67
2025-10-09 22:31:14,3.08,69.1,7064,25.69
2025-10-09 22:41:14,3.08,69.2,7064,25.65
2025-10-09 22:51:14,3.079,68.8,7064,25.65
2025-10-09 23:01:14,3.081,68.8,7064,25.63
2025-10-09 23:11:14,3.08,69.3,7064,25.63
2025-10-09 23:21:13,3.079,69.5,7064,25.63
2025-10-09 23:31:13,3.079,69.1,7064,25.6
2025-10-09 23:41:13,3.079,69.4,7064,25.6
2025-10-09 23:51:13,3.08,69.3,7064,25.6
2025-10-10 00:01:13,3.08,69.3,7064,25.57
2025-10-10 00:11:13,3.08,69.2,7064,25.52
2025-10-10 00:21:12,3.08,69.4,7064,25.51
2025-10-10 00:31:12,3.08,69.4,7064,25.5
2025-10-10 00:41:12,3.08,69.7,7064,25.47
2025-10-10 00:51:12,3.081,69.8,7064,25.41
2025-10-10 01:01:12,3.08,70.1,7064,25.38
2025-10-10 01:11:12,3.079,69.5,7064,25.36
2025-10-10 01:21:11,3.08,70,7064,25.33
2025-10-10 01:31:11,3.08,70,7064,25.31
2025-10-10 01:41:11,3.079,69.8,7064,25.3
2025-10-10 01:51:11,3.08,69.9,7064,25.24
2025-10-10 02:01:11,3.081,69.7,7064,25.23
2025-10-10 02:11:11,3.08,69.1,7064,25.17
2025-10-10 02:21:10,3.079,68.9,7064,25.06
2025-10-10 02:31:10,3.081,69.4,7064,24.96
2025-10-10 02:41:10,3.08,69.7,7064,24.96
2025-10-10 02:51:10,3.08,70,7064,24.92
2025-10-10 03:01:10,3.08,70.2,7064,24.9
2025-10-10 03:11:10,3.08,70.3,7064,24.89
2025-10-10 03:21:09,3.082,70.5,7064,24.9
2025-10-10 03:31:09,3.081,70.7,7064,24.89
2025-10-10 03:41:09,3.079,70.8,7064,24.89
2025-10-10 03:51:09,3.08,70.8,7064,24.89
2025-10-10 04:01:09,3.08,71.1,7064,24.9
2025-10-10 04:11:08,3.079,71.5,7064,24.92
2025-10-10 04:21:08,3.081,71.4,7064,24.9
2025-10-10 04:31:08,3.078,71.7,7064,24.9
2025-10-10 04:41:08,3.079,71.6,7064,24.87
2025-10-10 04:51:08,3.079,71.3,7064,24.87
2025-10-10 05:01:08,3.079,71.1,7064,24.86
2025-10-10 05:11:07,3.079,71.2,7064,24.86
2025-10-10 05:21:07,3.081,71.1,7064,24.83
2025-10-10 05:31:07,3.079,71,7064,24.85
2025-10-10 05:41:07,3.081,71.1,7064,24.81
2025-10-10 05:51:07,3.081,71.4,7064,24.81
2025-10-10 06:01:07,3.08,71,7064,24.79
2025-10-10 06:11:06,3.081,71.3,7064,24.75
2025-10-10 06:21:06,3.079,72.2,7064,24.71
2025-10-10 06:31:06,3.08,72.1,7064,24.65
2025-10-10 06:41:06,3.081,72.1,7064,24.61
2025-10-10 06:51:06,3.08,72.4,7064,24.61
2025-10-10 07:01:05,3.078,72.7,7064,24.61
2025-10-10 07:11:05,3.081,76.6,7091,24.86
2025-10-10 07:21:05,3.079,71.7,7091,24.75
2025-10-10 07:31:05,3.08,72.2,7091,24.65
2025-10-10 07:41:05,3.082,72.8,7091,24.64
2025-10-10 07:51:05,3.08,72.6,7091,24.75
2025-10-10 08:01:04,3.08,73.4,7091,24.76
2025-10-10 08:11:04,3.08,73.6,7091,24.78
2025-10-10 08:21:04,3.08,74,7091,24.9
2025-10-10 08:31:04,3.08,73.9,7091,25.12
2025-10-10 08:41:04,3.081,72.4,7091,25.21
2025-10-10 08:51:04,3.08,72.2,7091,25.31
2025-10-10 09:01:03,3.08,72.3,7091,25.41
2025-10-10 09:11:03,3.081,71.9,7091,25.57
2025-10-10 09:21:03,3.08,71.5,7091,25.67
2025-10-10 09:31:03,3.081,71.4,7091,25.76
2025-10-10 09:41:03,3.079,70,7091,25.85
2025-10-10 09:51:03,3.08,69.1,7091,25.93
2025-10-10 10:01:03,3.079,69.5,7091,25.99
2025-10-10 10:11:02,3.081,70,7091,26.03
2025-10-10 10:21:02,3.08,69.6,7091,26.09
2025-10-10 10:31:02,3.079,68.8,7091,26.12
2025-10-10 10:41:02,3.081,66.8,7091,26.18
2025-10-10 10:51:02,3.08,65.7,7091,26.2
2025-10-10 11:01:01,3.079,66.5,7091,26.22
2025-10-10 11:11:01,3.08,66.1,7091,26.22
2025-10-10 11:21:01,3.08,65.1,7091,26.23
2025-10-10 11:31:01,3.079,64.9,7091,26.24
2025-10-10 11:41:01,3.081,65.6,7091,26.24
2025-10-10 11:51:00,3.079,65.8,7091,26.2
2025-10-10 12:01:00,3.08,66.3,7091,26.2
2025-10-10 12:11:00,3.079,66.4,7091,26.19
2025-10-10 12:21:00,3.08,66.8,7091,26.22
2025-10-10 12:31:00,3.079,67.2,7091,26.15
2025-10-10 12:41:00,3.08,67.1,7091,26.06
2025-10-10 12:50:59,3.079,66.5,7091,25.96
2025-10-10 13:00:59,3.08,66.8,7091,25.91
2025-10-10 13:10:59,3.08,66.4,7091,25.89
2025-10-10 13:20:59,3.08,66.2,7091,25.88
2025-10-10 13:30:59,3.08,65.2,7091,25.88
2025-10-10 13:40:59,3.079,64.6,7091,25.88
2025-10-10 13:50:58,3.081,64.3,7091,25.85
2025-10-10 14:00:58,3.08,65.2,7091,25.85
2025-10-10 14:10:58,3.079,66.7,7091,25.84
2025-10-10 14:20:58,3.08,67.1,7091,25.85
2025-10-10 14:30:58,3.079,67.5,7091,25.88
2025-10-10 14:40:57,3.081,67.9,7091,25.89
2025-10-10 14:50:57,3.08,68.4,7091,25.99
2025-10-10 15:00:57,3.08,68.3,7091,26.03
2025-10-10 15:10:57,3.08,68,7091,26.06
2025-10-10 15:20:57,3.08,66.3,7091,26.15
2025-10-10 15:30:57,3.08,64.5,7091,26.18
2025-10-10 15:40:56,3.08,64.3,7091,26.22
2025-10-10 15:50:56,3.08,64.1,7091,26.24
2025-10-10 16:00:56,3.08,63.6,7091,26.26
2025-10-10 16:10:56,3.08,64,7091,26.26
2025-10-10 16:20:56,3.081,61.1,7091,26.33
2025-10-10 16:30:56,3.081,61.8,7091,26.31
2025-10-10 16:40:55,3.079,61.7,7091,26.29
2025-10-10 16:50:55,3.08,62.3,7091,26.26
2025-10-10 17:00:55,3.08,62.8,7091,26.22
2025-10-10 17:10:55,3.081,62.8,7091,26.24
2025-10-10 17:20:55,3.08,62.4,7091,26.22
2025-10-10 17:30:55,3.08,62.8,7091,26.19
2025-10-10 17:40:54,3.08,63.3,7091,26.19
2025-10-10 17:50:54,3.081,63.3,7091,26.16
2025-10-10 18:00:54,3.079,63.8,7091,26.16
2025-10-10 18:10:54,3.08,62.9,7091,26.11
2025-10-10 18:20:54,3.079,61.9,7091,26.09
2025-10-10 18:30:54,3.081,59.7,7091,26.03
2025-10-10 18:40:53,3.08,59.8,7091,25.95
2025-10-10 18:50:53,3.08,59.9,7091,25.88
2025-10-10 19:00:53,3.08,61.1,7091,25.81
2025-10-10 19:10:53,3.079,62.2,7091,25.79
2025-10-10 19:20:53,3.08,62.2,7091,25.78
2025-10-10 19:30:52,3.079,62.9,7091,25.76
2025-10-10 19:40:52,3.081,63.7,7091,25.74
2025-10-10 19:50:52,3.079,64.6,7091,25.74
2025-10-10 20:00:52,3.08,64.2,7091,25.63
2025-10-10 20:10:52,3.08,64.5,7091,25.58
2025-10-10 20:20:52,3.08,64.7,7091,25.45
2025-10-10 20:30:51,3.08,65.2,7091,25.41
2025-10-10 20:40:51,3.081,66.2,7091,25.38
2025-10-10 20:50:51,3.08,66.5,7091,25.48
2025-10-10 21:00:51,3.081,67.1,7091,25.51
2025-10-10 21:20:51,3.08,71.4,7091,25.61
2025-10-10 21:30:50,3.081,68.5,7091,25.61
2025-10-10 21:40:50,3.08,69.1,7091,25.6
2025-10-10 21:50:50,3.08,68.8,7091,25.61
2025-10-10 22:00:50,3.08,68.6,7091,25.58
2025-10-10 22:10:50,3.079,68.8,7091,25.52
2025-10-10 22:20:50,3.081,68.7,7091,25.52
2025-10-10 22:30:49,3.079,68.8,7091,25.54
2025-10-10 22:40:49,3.081,68.8,7091,25.51
2025-10-10 22:50:49,3.079,69.1,7091,25.48
